{
  "schemaVersion": 1,
  "id": "itemalchemy",
  "version": "${version}",
  "name": "Item Alchemy",
  "description": "A developing port of Equivalent Exchange (like Project E) for FabricMC.",
  "authors": [
    "Pitan"
  ],
  "contact": {
    "homepage": "https://www.curseforge.com/minecraft/mc-mods/item-alchemy-fabric",
    "sources": "https://github.com/Pitan76/item-alchemy",
    "issues": "https://github.com/Pitan76/item-alchemy/issues"
  },

  "license": "MIT",
  "icon": "assets/itemalchemy/logo.png",

  "environment": "*",
  "entrypoints": {
    "main": [
      "ml.pkom.itemalchemy.FabricMain"
    ]
  },
  "mixins": [
    "itemalchemy.mixins.json"
  ],

  "depends": {
    "fabricloader": "*",
    "minecraft": "*",
    "mcpitanlibarch": ">1.6.9"
  }
}