{
  "minecraft:cobblestone": 1,
  "minecraft:coarse_dirt": 2,
  "minecraft:podzol": 2,
  "minecraft:crimson_nylium": 2,
  "minecraft:warped_nylium": 2,
  "minecraft:tuff": 4,
  "minecraft:calcite": 32,
  "minecraft:andesite": 16,
  "minecraft:diorite": 16,
  "minecraft:granite": 16,
  "minecraft:dripstone_block": 64,
  "minecraft:cobbled_deepslate": 2,
  "minecraft:deepslate": 2,
  "minecraft:cobblestone_slab": 1,
  "minecraft:dead_bush": 1,
  "minecraft:fern": 1,
  "minecraft:tall_grass": 1,
  "minecraft:dirt": 1,
  "minecraft:glass": 1,
  "minecraft:grass": 1,
  "minecraft:grass_block": 1,
  "minecraft:ice": 1,
  "minecraft:mycelium": 2,
  "minecraft:netherrack": 1,
  "minecraft:snow": 1,
  "minecraft:stone": 1,
  "minecraft:stone_bricks": 1,
  "minecraft:stone_brick_stairs": 1,
  "minecraft:stone_slab": 1,
  "minecraft:stone_stairs": 1,
  "minecraft:basalt": 1,
  "minecraft:polished_basalt": 1,
  "minecraft:smooth_basalt": 1,
  "minecraft:end_stone": 1,
  "minecraft:magma_block": 128,
  "minecraft:oak_leaves": 1,
  "minecraft:spruce_leaves": 1,
  "minecraft:birch_leaves": 1,
  "minecraft:jungle_leaves": 1,
  "minecraft:acacia_leaves": 1,
  "minecraft:dark_oak_leaves": 1,
  "minecraft:azalea_leaves": 1,
  "minecraft:flowering_azalea_leaves": 1,
  "minecraft:sand": 1,
  "minecraft:red_sand": 1,
  "minecraft:stone_button": 2,
  "minecraft:polished_blackstone_button": 2,
  "minecraft:oak_button": 2,
  "minecraft:spruce_button": 2,
  "minecraft:birch_button": 2,
  "minecraft:jungle_button": 2,
  "minecraft:acacia_button": 2,
  "minecraft:dark_oak_button": 2,
  "minecraft:crimson_button": 2,
  "minecraft:warped_button": 2,
  "minecraft:stone_pressure_plate": 2,
  "minecraft:gravel": 4,
  "minecraft:nether_brick": 4,
  "minecraft:sandstone": 4,
  "minecraft:sandstone_slab": 4,
  "minecraft:flint": 4,
  "minecraft:stick": 4,
  "minecraft:rooted_dirt": 5,
  "minecraft:lever": 5,
  "minecraft:cactus": 8,
  "minecraft:oak_planks": 8,
  "minecraft:spruce_planks": 8,
  "minecraft:birch_planks": 8,
  "minecraft:jungle_planks": 8,
  "minecraft:acacia_planks": 8,
  "minecraft:dark_oak_planks": 8,
  "minecraft:crimson_planks": 8,
  "minecraft:warped_planks": 8,
  "minecraft:oak_slab": 8,
  "minecraft:spruce_slab": 8,
  "minecraft:birch_slab": 8,
  "minecraft:jungle_slab": 8,
  "minecraft:acacia_slab": 8,
  "minecraft:dark_oak_slab": 8,
  "minecraft:crimson_slab": 8,
  "minecraft:warped_slab": 8,
  "minecraft:black_dye": 16,
  "minecraft:white_dye": 16,
  "minecraft:red_dye": 16,
  "minecraft:blue_dye": 16,
  "minecraft:yellow_dye": 16,
  "minecraft:green_dye": 16,
  "minecraft:brown_dye": 16,
  "minecraft:cyan_dye": 16,
  "minecraft:magenta_dye": 16,
  "minecraft:lime_dye": 16,
  "minecraft:orange_dye": 16,
  "minecraft:pink_dye": 16,
  "minecraft:light_blue_dye": 16,
  "minecraft:light_gray_dye": 16,
  "minecraft:gray_dye": 16,
  "minecraft:purple_dye": 16,
  "minecraft:black_concrete": 4,
  "minecraft:white_concrete": 4,
  "minecraft:red_concrete": 4,
  "minecraft:blue_concrete": 4,
  "minecraft:yellow_concrete": 4,
  "minecraft:green_concrete": 4,
  "minecraft:brown_concrete": 4,
  "minecraft:cyan_concrete": 4,
  "minecraft:magenta_concrete": 4,
  "minecraft:lime_concrete": 4,
  "minecraft:orange_concrete": 4,
  "minecraft:pink_concrete": 4,
  "minecraft:light_blue_concrete": 4,
  "minecraft:light_gray_concrete": 4,
  "minecraft:gray_concrete": 4,
  "minecraft:purple_concrete": 4,
  "minecraft:black_concrete_powder": 4,
  "minecraft:white_concrete_powder": 4,
  "minecraft:red_concrete_powder": 4,
  "minecraft:blue_concrete_powder": 4,
  "minecraft:yellow_concrete_powder": 4,
  "minecraft:green_concrete_powder": 4,
  "minecraft:brown_concrete_powder": 4,
  "minecraft:cyan_concrete_powder": 4,
  "minecraft:magenta_concrete_powder": 4,
  "minecraft:lime_concrete_powder": 4,
  "minecraft:orange_concrete_powder": 4,
  "minecraft:pink_concrete_powder": 4,
  "minecraft:light_blue_concrete_powder": 4,
  "minecraft:light_gray_concrete_powder": 4,
  "minecraft:gray_concrete_powder": 4,
  "minecraft:purple_concrete_powder": 4,
  "minecraft:torch": 9,
  "minecraft:dead_brain_coral_block": 4,
  "minecraft:dead_brain_coral": 1,
  "minecraft:dead_brain_coral_fan": 1,
  "minecraft:dead_bubble_coral_block": 4,
  "minecraft:dead_bubble_coral": 1,
  "minecraft:dead_bubble_coral_fan": 1,
  "minecraft:dead_fire_coral_block": 4,
  "minecraft:dead_fire_coral": 1,
  "minecraft:dead_fire_coral_fan": 1,
  "minecraft:dead_horn_coral_block": 4,
  "minecraft:dead_horn_coral": 1,
  "minecraft:dead_horn_coral_fan": 1,
  "minecraft:dead_tube_coral_block": 4,
  "minecraft:dead_tube_coral": 1,
  "minecraft:dead_tube_coral_fan": 1,
  "minecraft:brain_coral_block": 64,
  "minecraft:brain_coral": 16,
  "minecraft:brain_coral_fan": 16,
  "minecraft:bubble_coral_block": 64,
  "minecraft:bubble_coral": 16,
  "minecraft:bubble_coral_fan": 16,
  "minecraft:fire_coral_block": 64,
  "minecraft:fire_coral": 16,
  "minecraft:fire_coral_fan": 16,
  "minecraft:horn_coral_block": 64,
  "minecraft:horn_coral": 16,
  "minecraft:horn_coral_fan": 16,
  "minecraft:tube_coral_block": 64,
  "minecraft:tube_coral": 16,
  "minecraft:tube_coral_fan": 16,
  "minecraft:cobweb": 12,
  "minecraft:oak_fence": 32,
  "minecraft:spruce_fence": 32,
  "minecraft:birch_fence": 32,
  "minecraft:jungle_fence": 32,
  "minecraft:acacia_fence": 32,
  "minecraft:dark_oak_fence": 32,
  "minecraft:crimson_fence": 32,
  "minecraft:warped_fence": 32,
  "minecraft:nether_brick_fence": 32,
  "minecraft:fishing_rod": 12,
  "minecraft:string": 12,
  "minecraft:oak_stairs": 12,
  "minecraft:spruce_stairs": 12,
  "minecraft:birch_stairs": 12,
  "minecraft:jungle_stairs": 12,
  "minecraft:crimson_stairs": 12,
  "minecraft:warped_stairs": 12,
  "minecraft:acacia_stairs": 12,
  "minecraft:dark_oak_stairs": 12,
  "minecraft:ladder": 14,
  "minecraft:arrow": 14,
  "minecraft:flowering_azalea": 16,
  "minecraft:dandelion": 16,
  "minecraft:poppy": 16,
  "minecraft:blue_orchid": 16,
  "minecraft:allium": 16,
  "minecraft:azure_bluet": 16,
  "minecraft:red_tulip": 16,
  "minecraft:orange_tulip": 16,
  "minecraft:white_tulip": 16,
  "minecraft:pink_tulip": 16,
  "minecraft:oxeye_daisy": 16,
  "minecraft:cornflower": 16,
  "minecraft:lily_of_the_valley": 16,
  "minecraft:wither_rose": 16,
  "minecraft:sunflower": 16,
  "minecraft:lilac": 16,
  "minecraft:rose_bush": 16,
  "minecraft:peony": 16,
  "minecraft:lily_pad": 16,
  "minecraft:oak_pressure_plate": 16,
  "minecraft:spruce_pressure_plate": 16,
  "minecraft:birch_pressure_plate": 16,
  "minecraft:jungle_pressure_plate": 16,
  "minecraft:acacia_pressure_plate": 16,
  "minecraft:dark_oak_pressure_plate": 16,
  "minecraft:crimson_pressure_plate": 16,
  "minecraft:warped_pressure_plate": 16,
  "minecraft:beetroot_seeds": 16,
  "minecraft:melon_seeds": 16,
  "minecraft:pumpkin_seeds": 36,
  "minecraft:wheat_seeds": 16,
  "minecraft:wheat": 24,
  "minecraft:iron_trapdoor": 24,
  "minecraft:oak_trapdoor": 24,
  "minecraft:spruce_trapdoor": 24,
  "minecraft:birch_trapdoor": 24,
  "minecraft:jungle_trapdoor": 24,
  "minecraft:acacia_trapdoor": 24,
  "minecraft:dark_oak_trapdoor": 24,
  "minecraft:crimson_trapdoor": 24,
  "minecraft:warped_trapdoor": 24,
  "minecraft:nether_wart": 24,
  "minecraft:rotten_flesh": 24,
  "minecraft:slime_ball": 32,
  "minecraft:charcoal": 32,
  "minecraft:oak_sapling": 32,
  "minecraft:spruce_sapling": 32,
  "minecraft:birch_sapling": 32,
  "minecraft:jungle_sapling": 32,
  "minecraft:acacia_sapling": 32,
  "minecraft:dark_oak_sapling": 32,
  "minecraft:azalea": 32,
  "minecraft:oak_log": 32,
  "minecraft:spruce_log": 32,
  "minecraft:birch_log": 32,
  "minecraft:jungle_log": 32,
  "minecraft:acacia_log": 32,
  "minecraft:dark_oak_log": 32,
  "minecraft:crimson_stem": 32,
  "minecraft:warped_stem": 32,
  "minecraft:stripped_oak_log": 32,
  "minecraft:stripped_spruce_log": 32,
  "minecraft:stripped_birch_log": 32,
  "minecraft:stripped_jungle_log": 32,
  "minecraft:stripped_acacia_log": 32,
  "minecraft:stripped_dark_oak_log": 32,
  "minecraft:stripped_crimson_stem": 32,
  "minecraft:stripped_warped_stem": 32,
  "minecraft:stripped_oak_wood": 32,
  "minecraft:stripped_spruce_wood": 32,
  "minecraft:stripped_birch_wood": 32,
  "minecraft:stripped_jungle_wood": 32,
  "minecraft:stripped_acacia_wood": 32,
  "minecraft:stripped_dark_oak_wood": 32,
  "minecraft:stripped_crimson_hyphae": 32,
  "minecraft:stripped_warped_hyphae": 32,
  "minecraft:oak_wood": 32,
  "minecraft:spruce_wood": 32,
  "minecraft:birch_wood": 32,
  "minecraft:jungle_wood": 32,
  "minecraft:acacia_wood": 32,
  "minecraft:dark_oak_wood": 32,
  "minecraft:crimson_hyphae": 32,
  "minecraft:warped_hyphae": 32,
  "minecraft:paper": 32,
  "minecraft:sugar": 15,
  "minecraft:bone": 144,
  "minecraft:egg": 32,
  "minecraft:white_wool": 48,
  "minecraft:orange_wool": 48,
  "minecraft:magenta_wool": 48,
  "minecraft:light_blue_wool": 48,
  "minecraft:yellow_wool": 48,
  "minecraft:lime_wool": 48,
  "minecraft:pink_wool": 48,
  "minecraft:gray_wool": 48,
  "minecraft:light_gray_wool": 48,
  "minecraft:cyan_wool": 48,
  "minecraft:purple_wool": 48,
  "minecraft:blue_wool": 48,
  "minecraft:brown_wool": 48,
  "minecraft:green_wool": 48,
  "minecraft:red_wool": 48,
  "minecraft:black_wool": 48,
  "minecraft:bone_meal": 48,
  "minecraft:feather": 48,
  "minecraft:soul_sand": 49,
  "minecraft:obsidian": 64,
  "minecraft:redstone": 64,
  "minecraft:porkchop": 64,
  "minecraft:beef": 64,
  "minecraft:cod": 64,
  "minecraft:salmon": 64,
  "minecraft:tropical_fish": 64,
  "minecraft:pufferfish": 64,
  "minecraft:cooked_cod": 64,
  "minecraft:cooked_salmon": 64,
  "minecraft:chicken": 64,
  "minecraft:mutton": 64,
  "minecraft:leather": 64,
  "minecraft:clay": 64,
  "minecraft:bread": 72,
  "minecraft:painting": 80,
  "minecraft:gunpowder": 192,
  "minecraft:fermented_spider_eye": 192,
  "minecraft:glowstone_dust": 384,
  "minecraft:ender_pearl": 1024,
  "minecraft:copper_ore": 128,
  "minecraft:copper_block": 1152,
  "minecraft:weathered_copper": 1152,
  "minecraft:exposed_copper": 1152,
  "minecraft:oxidized_copper": 1152,
  "minecraft:coal_ore": 128,
  "minecraft:iron_ore": 256,
  "minecraft:amethyst_shard": 32,
  "minecraft:lapis_ore": 864,
  "minecraft:emerald_ore": 1024,
  "minecraft:gold_ore": 2048,
  "minecraft:diamond_ore": 8192,
  "minecraft:netherite_ingot": 57344,
  "minecraft:deepslate_copper_ore": 85,
  "minecraft:deepslate_coal_ore": 128,
  "minecraft:deepslate_iron_ore": 256,
  "minecraft:deepslate_lapis_ore": 864,
  "minecraft:deepslate_emerald_ore": 1024,
  "minecraft:deepslate_gold_ore": 2048,
  "minecraft:deepslate_diamond_ore": 8192,
  "minecraft:raw_copper": 128,
  "minecraft:raw_iron": 256,
  "minecraft:raw_gold": 2048,
  "minecraft:nether_gold_ore": 2048,
  "minecraft:nether_quartz_ore": 128,
  "minecraft:quartz": 256,
  "minecraft:redstone_ore": 256,
  "minecraft:deepslate_redstone_ore": 256,
  "minecraft:netherite_scrap": 12288,
  "minecraft:ancient_debris": 12288,
  "minecraft:nether_star": 139264,
  "minecraft:turtle_egg": 192,
  "minecraft:conduit": 40960,
  "minecraft:scute": 96,
  "minecraft:water_bucket": 768,
  "minecraft:lava_bucket": 832,
  "minecraft:powder_snow_bucket": 784,
  "minecraft:snowball": 1,
  "minecraft:milk_bucket": 784,
  "minecraft:pufferfish_bucket": 832,
  "minecraft:salmon_bucket": 832,
  "minecraft:cod_bucket": 832,
  "minecraft:tropical_fish_bucket": 832,
  "minecraft:axolotl_bucket": 832,
  "minecraft:brick": 16,
  "minecraft:clay_ball": 16,
  "minecraft:ink_sac": 16,
  "minecraft:glow_ink_sac": 400,
  "minecraft:cocoa_beans": 64,
  "minecraft:end_rod": 432,
  "minecraft:chorus_plant": 64,
  "minecraft:chorus_flower": 96,
  "minecraft:chorus_fruit": 192,
  "minecraft:popped_chorus_fruit": 192,
  "minecraft:shulker_shell": 2048,
  "minecraft:iron_nugget": 28,
  "minecraft:nautilus_shell": 1024,
  "minecraft:heart_of_the_sea": 32768,
  "minecraft:honeycomb": 16,
  "minecraft:prismarine_shard": 256,
  "minecraft:prismarine_crystals": 512,
  "minecraft:rabbit_hide": 16,
  "minecraft:iron_horse_armor": 2048,
  "minecraft:golden_horse_armor": 2048,
  "minecraft:diamond_horse_armor": 2048,
  "minecraft:writable_book": 224,
  "minecraft:map": 1344,
  "minecraft:gold_nugget": 227,
  "minecraft:ender_eye": 1792,
  "minecraft:blaze_rod": 1536,
  "minecraft:music_disc_13": 2048,
  "minecraft:music_disc_cat": 2048,
  "minecraft:music_disc_blocks": 2048,
  "minecraft:music_disc_chirp": 2048,
  "minecraft:music_disc_far": 2048,
  "minecraft:music_disc_mall": 2048,
  "minecraft:music_disc_mellohi": 2048,
  "minecraft:music_disc_stal": 2048,
  "minecraft:music_disc_strad": 2048,
  "minecraft:music_disc_ward": 2048,
  "minecraft:music_disc_11": 2048,
  "minecraft:music_disc_wait": 2048,
  "minecraft:music_disc_otherside": 2048,
  "minecraft:music_disc_pigstep": 2048,
  "minecraft:crying_obsidian": 768,
  "minecraft:ghast_tear": 4096,
  "minecraft:phantom_membrane": 192,
  "minecraft:saddle": 192,
  "minecraft:name_tag": 192,
  "minecraft:enchanted_book": 160,
  "minecraft:brown_mushroom": 32,
  "minecraft:red_mushroom": 32,
  "minecraft:crimson_fungus": 32,
  "minecraft:warped_fungus": 32,
  "minecraft:sugar_cane": 32,
  "minecraft:kelp": 1,
  "minecraft:bamboo": 32,
  "minecraft:moss_carpet": 8,
  "minecraft:moss_block": 12,
  "minecraft:sea_pickle": 16,
  "minecraft:hanging_roots": 4,
  "minecraft:vine": 8,
  "minecraft:glow_lichen": 8,
  "minecraft:shulker_box": 4097,
  "minecraft:creeper_head": 256,
  "minecraft:zombie_head": 256,
  "minecraft:black_shulker_box": 4176,
  "minecraft:white_shulker_box": 4176,
  "minecraft:red_shulker_box": 4176,
  "minecraft:blue_shulker_box": 4176,
  "minecraft:yellow_shulker_box": 4176,
  "minecraft:green_shulker_box": 4176,
  "minecraft:brown_shulker_box": 4176,
  "minecraft:cyan_shulker_box": 4176,
  "minecraft:magenta_shulker_box": 4176,
  "minecraft:lime_shulker_box": 4176,
  "minecraft:orange_shulker_box": 4176,
  "minecraft:pink_shulker_box": 4176,
  "minecraft:light_blue_shulker_box": 4176,
  "minecraft:light_gray_shulker_box": 4176,
  "minecraft:gray_shulker_box": 4176,
  "minecraft:purple_shulker_box": 4176,
  "minecraft:potion": 1,
  "minecraft:pointed_dripstone": 16,
  "minecraft:apple": 128,
  "minecraft:potato": 64,
  "minecraft:baked_potato": 64,
  "minecraft:spider_eye": 128,
  "minecraft:carrot": 64,
  "minecraft:sweet_berries": 16,
  "minecraft:enchanted_golden_apple": 147584,
  "minecraft:melon_slice": 16,
  "minecraft:beetroot": 64,
  "minecraft:rabbit": 64,
  "minecraft:glow_berries": 16,
  "minecraft:honey_bottle": 48,
  "minecraft:rabbit_foot": 128,
  "minecraft:trident": 16463,
  "minecraft:elytra": 16463
}
