{
  "minecraft:leaves": 1,
  "minecraft:sand": 1,
  "minecraft:buttons": 2,
  "minecraft:planks": 8,
  "minecraft:wooden_slabs": 8,
  "minecraft:wooden_stairs": 12,
  "minecraft:flowers": 16,
  "minecraft:wooden_pressure_plates": 16,
  "minecraft:fences": 32,
  "minecraft:saplings": 32,
  "minecraft:logs": 32,
  "minecraft:wool": 48,
  "minecraft:fishes": 64,
  "minecraft:music_discs": 2048,
  "c:raw_tin_ores": 192,
  "c:raw_lead_ores": 256,
  "c:raw_silver_ores": 512,
  "c:raw_silvers": 512,
  "c:raw_tungsten_ores": 1024,
  "c:raw_nickel_ores": 384,
  "c:tin_ores": 192,
  "c:lead_ores": 256,
  "c:silver_ores": 512,
  "c:tungsten_ores": 1024,
  "c:nickel_ores": 384,
  "c:bauxite_ores": 256,
  "c:aluminum_ingots": 512,
  "c:aluminum_ores": 512,
  "c:aluminum_dusts": 512
}