{
  "type": "minecraft:crafting_shaped",
  "pattern": [
    "ABC",
    "SDS",
    "IMI"
  ],
  "key": {
    "A": {
      "item": "itemalchemy:low_covalence_dust"
    },
    "B": {
      "item": "itemalchemy:middle_covalence_dust"
    },
    "C": {
      "item": "itemalchemy:high_covalence_dust"
    },
    "S": {
      "item": "minecraft:stone"
    },
    "D": {
      "item": "minecraft:diamond"
    },
    "M": {
      "item": "minecraft:chest"
    },
    "I": {
      "item": "minecraft:iron_ingot"
    }
  },
  "result": {
    "item": "itemalchemy:alchemy_chest",
    "count": 1
  }
}